Date,Name,Year,Letterboxd URI
2026-01-24,Ardh Satya,1983,https://boxd.it/3vQi
2026-01-24,Falling in Love,1984,https://boxd.it/yeA
2026-01-24,About Last Night...,1986,https://boxd.it/1Hse
2026-01-24,The Color of Money,1986,https://boxd.it/1SSM
2026-01-24,In the Name of the Father,1993,https://boxd.it/20I6
2026-01-24,Cure,1997,https://boxd.it/1blA
2026-01-24,"Synecdoche, New York",2008,https://boxd.it/23zw
2026-01-24,Argo,2012,https://boxd.it/2czU
2026-01-24,Shahid,2012,https://boxd.it/4c5Y
2026-01-24,Dallas Buyers Club,2013,https://boxd.it/4O8G
2026-01-24,Bridge of Spies,2015,https://boxd.it/9n9C
2026-01-24,Meri Pyaari Bindu,2017,https://boxd.it/gg8c
2026-01-24,Tehran Taboo,2017,https://boxd.it/gaPY
2026-01-24,The Meyerowitz Stories (New and Selected),2017,https://boxd.it/dSp0
2026-01-24,The Post,2017,https://boxd.it/fTeG
2026-01-24,Kadakh,2020,https://boxd.it/kwBC
2026-01-24,No Man of God,2021,https://boxd.it/qQ54
2026-01-24,Humanist Vampire Seeking Consenting Suicidal Person,2023,https://boxd.it/Blzk
2026-01-24,Twilight Of The Warriors: Walled In,2025,https://boxd.it/yNla
2026-01-24,Cloud,2024,https://boxd.it/LhR0
2026-01-24,Nouvelle Vague,2025,https://boxd.it/LLLQ
2026-01-24,Black Bag,2025,https://boxd.it/KRbM
2026-01-24,Incantation,2022,https://boxd.it/wFiI
2026-01-24,Monster,2023,https://boxd.it/DJEM
2026-01-24,How to Make Millions Before Grandma Dies,2024,https://boxd.it/FLa4
2026-01-24,Martyrs,2008,https://boxd.it/1Yqu
2026-01-24,The Conversation,1974,https://boxd.it/2a38
2026-01-24,Caddo Lake,2024,https://boxd.it/wDSu
2026-01-24,Thirst,2009,https://boxd.it/1Aqq
2026-01-24,"Lock, Stock and Two Smoking Barrels",1998,https://boxd.it/2b92
2026-01-25,Manorama Six Feet Under,2007,https://boxd.it/Ngc
2026-01-25,Om Dar-B-Dar,1988,https://boxd.it/784I
2026-01-25,Mulk,2018,https://boxd.it/j7li
2026-01-26,Babel,2006,https://boxd.it/292o
2026-01-26,City of God,2002,https://boxd.it/2a2a
